label_source,seed,n_userdays,n_positive,lr_test_auc,rf_test_auc
training window (train + train_malicious),0,211590,572,0.7360336613091968,0.5295235991370733
training window (train + train_malicious),1,211590,572,0.7360336613091968,0.5088349742077233
training window (train + train_malicious),2,211590,572,0.7360336613091968,0.5150727348171853
training window (train + train_malicious),3,211590,572,0.7360336613091968,0.5046796762432434
training window (train + train_malicious),4,211590,572,0.7360336613091968,0.5212121325197622
"validation window, first half by day",0,19522,94,0.9539658113024304,0.8931275075824517
"validation window, first half by day",1,19522,94,0.9539658113024304,0.9029410608665887
"validation window, first half by day",2,19522,94,0.9539658113024304,0.8842180522054786
"validation window, first half by day",3,19522,94,0.9539658113024304,0.889741699106027
"validation window, first half by day",4,19522,94,0.9539658113024304,0.8831189698612472
training window + validation first half,0,231112,666,0.8469963242025489,0.9070440428995614
training window + validation first half,1,231112,666,0.8469963242025489,0.8940976036666428
training window + validation first half,2,231112,666,0.8469963242025489,0.9469377393149125
training window + validation first half,3,231112,666,0.8469963242025489,0.8831721813579156
training window + validation first half,4,231112,666,0.8469963242025489,0.8886031621410774
"validation window, whole",0,36263,148,0.9703325133936744,0.9233266364960715
"validation window, whole",1,36263,148,0.9703325133936744,0.931923116725973
"validation window, whole",2,36263,148,0.9703325133936744,0.9142306299206331
"validation window, whole",3,36263,148,0.9703325133936744,0.9213845288133166
"validation window, whole",4,36263,148,0.9703325133936744,0.9302757992421529
